Index,Feedback
1,Fantastic user experience from start to finish!
2,The live chat feature never connects to an agent.
3,The export function generates corrupted files.
4,Love the new dark mode implementation!
5,Your pricing is way too high compared to competitors.
6,The mobile app crashes frequently on Android.
7,Please add two-factor authentication for security.
8,The tutorial videos were really helpful.
9,Customer support took 3 days to respond to my ticket.
10,The interface is intuitive and easy to navigate.