feedback_text,category
"The app crashes every time I click on submit.",Bug Report
"Please add an option to change themes or enable dark mode.",Feature Request
"The subscription cost is too high for the features offered.",Pricing Complaint
"Amazing experience! The app runs smoothly and looks great.",Positive Feedback
"Customer service didn't respond even after two emails.",Negative Experience
"I can't upload images after the latest update.",Bug Report
"Would love to see integration with Google Drive in the next version.",Feature Request
"The monthly plan should be cheaper or include more features.",Pricing Complaint
"Really love how fast the new version loads my dashboard!",Positive Feedback
"The new UI feels confusing and slow.",Negative Experience
"Whenever I log out, the app freezes for a few seconds.",Bug Report
"Please add fingerprint login support for easier access.",Feature Request
"It's too expensive compared to competitors.",Pricing Complaint
"The update fixed all my issues. Great work by the team!",Positive Feedback
"The payment failed even though my card was charged.",Negative Experience
"Notifications don't work unless I restart the app.",Bug Report
"Would be great if you could add a scheduling option for posts.",Feature Request
"The premium version isn't worth the price.",Pricing Complaint
"Very satisfied with the quick response from support!",Positive Feedback
"App lags a lot when scrolling through product lists.",Negative Experience
"The camera feature crashes on my phone.",Bug Report
"Could you add multi-language support?",Feature Request
"The annual plan price is too steep for small businesses.",Pricing Complaint
"Really happy with the smooth checkout experience.",Positive Feedback
"The chat support agent was rude and unhelpful.",Negative Experience
"The search function doesn't work properly and shows irrelevant results.",Bug Report
"Can you add a wishlist feature to save items for later?",Feature Request
"The premium subscription is overpriced for what it offers.",Pricing Complaint
"Excellent customer support! They resolved my issue within minutes.",Positive Feedback
"The app constantly logs me out without any warning.",Negative Experience
"Images fail to load in the gallery section consistently.",Bug Report
"Please add two-factor authentication for better security.",Feature Request
"Student discount would be great for the premium plan.",Pricing Complaint
"The new interface is intuitive and user-friendly.",Positive Feedback
"Delivery was delayed and no one informed me about it.",Negative Experience
"The backup feature doesn't work and I lost my data.",Bug Report
"Add support for importing data from Excel files.",Feature Request
"The pricing model is confusing with too many tiers.",Pricing Complaint
"Love the quick loading times and smooth animations.",Positive Feedback
"The website crashes when I try to make a purchase.",Bug Report
"Add a calendar view for better task organization.",Feature Request
"The enterprise plan is too expensive for small teams.",Pricing Complaint
"Outstanding performance improvements in the latest update!",Positive Feedback
"The customer service response time is unacceptably slow.",Negative Experience
"Video playback stutters and stops randomly.",Bug Report
"Integration with Slack would be incredibly useful.",Feature Request
"The subscription auto-renewal caught me off guard financially.",Pricing Complaint
"The design is clean and professional looking.",Positive Feedback
"The refund process is complicated and frustrating.",Negative Experience
"Push notifications arrive hours late or not at all.",Bug Report
"Please add offline mode for when internet is unavailable.",Feature Request
"The price increase wasn't justified by new features.",Pricing Complaint
"Fantastic user experience from start to finish!",Positive Feedback
"The live chat feature never connects to an agent.",Negative Experience
"The export function generates corrupted files.",Bug Report
"Add keyboard shortcuts for power users.",Feature Request
"The monthly fee is too high compared to alternatives.",Pricing Complaint
"The tutorial was comprehensive and easy to follow.",Positive Feedback
"Account verification process is unnecessarily complex.",Negative Experience
"App freezes when switching between different sections.",Bug Report
"Voice commands would be a great addition.",Feature Request
"No transparent pricing - hidden fees everywhere.",Pricing Complaint
"The mobile app works flawlessly on my device.",Positive Feedback
"The password reset email never arrives.",Negative Experience
"Sync between devices fails to work properly.",Bug Report
"Add drag and drop functionality for file uploads.",Feature Request
"The premium features should be included in the basic plan.",Pricing Complaint
"Impressed by how quickly bugs are fixed by the team.",Positive Feedback
"The search results are completely irrelevant to my query.",Negative Experience
"The calculator feature gives incorrect results.",Bug Report
"Please add support for custom themes and colors.",Feature Request
"The enterprise pricing is not competitive in our market.",Pricing Complaint
"The onboarding process was smooth and well-designed.",Positive Feedback
"Technical support couldn't solve my basic problem.",Negative Experience
"The app crashes when uploading large files.",Bug Report
"Add integration with popular project management tools.",Feature Request
"The subscription model forces unnecessary features on users.",Pricing Complaint
"Really appreciate the regular feature updates and improvements.",Positive Feedback
"The interface is confusing and lacks clear navigation.",Negative Experience
"Database connection errors occur frequently.",Bug Report
"Add bulk operations for managing multiple items.",Feature Request
"The freemium model has too many limitations.",Pricing Complaint
"The customer onboarding team was extremely helpful.",Positive Feedback
"Orders get lost in the system without proper tracking.",Negative Experience
"The print function cuts off important content.",Bug Report
"Please add support for team collaboration features.",Feature Request
"The pricing doesn't scale well for growing businesses.",Pricing Complaint
"The reporting dashboard provides excellent insights.",Positive Feedback
"The mobile app is buggy and unreliable.",Negative Experience
"Auto-save doesn't work and I lost hours of work.",Bug Report
"Add API access for custom integrations.",Feature Request
"The cost per user is too high for our budget.",Pricing Complaint
"The tutorial videos are clear and well-produced.",Positive Feedback
"The checkout process fails at the payment step.",Bug Report
"Add support for recurring tasks and reminders.",Feature Request
"The annual discount isn't substantial enough to commit.",Pricing Complaint
"Love how the app learns my preferences over time.",Positive Feedback
"The help documentation is outdated and confusing.",Negative Experience
"Email notifications don't include important details.",Bug Report
"Please add advanced filtering and sorting options.",Feature Request
"The upgrade pricing feels like a money grab.",Pricing Complaint
"The design is modern and visually appealing.",Positive Feedback
"The loading screens take forever on mobile.",Negative Experience
"The undo function doesn't work as expected.",Bug Report
"Add support for multiple languages and localization.",Feature Request
"The pricing structure doesn't match the value provided.",Pricing Complaint
"Excellent integration with my existing workflow tools.",Positive Feedback
"The error messages are vague and unhelpful.",Negative Experience
"The share feature fails to generate proper links.",Bug Report
"Add charts and graphs for better data visualization.",Feature Request
"The subscription cancellation process is deliberately difficult.",Pricing Complaint
"The performance has improved significantly since last update.",Positive Feedback
"The app drains my battery much faster than expected.",Negative Experience
"Copy and paste functionality doesn't work correctly.",Bug Report
"Please add templates for common use cases.",Feature Request
"The pricing tiers force users to pay for unused features.",Pricing Complaint
"The community forum is active and helpful.",Positive Feedback
"Customer support takes days to respond to tickets.",Negative Experience
"The app crashes when device orientation changes.",Bug Report
"Add support for custom fields and metadata.",Feature Request
"The enterprise features are overpriced for their functionality.",Pricing Complaint
"The user interface is intuitive even for beginners.",Positive Feedback
"The terms of service changed without proper notification.",Negative Experience
"File attachments get corrupted during upload.",Bug Report
"Integration with popular accounting software would be helpful.",Feature Request
"The lack of a free trial makes the pricing risky.",Pricing Complaint
"The recent security updates give me confidence in the platform.",Positive Feedback
"The mobile app lacks essential features available on desktop.",Negative Experience
"The search index seems to be corrupted or outdated.",Bug Report
"Add automated workflow and rule-based actions.",Feature Request
"The pricing model penalizes heavy users unfairly.",Pricing Complaint
"The real-time collaboration features work perfectly.",Positive Feedback
"The account deletion process is unnecessarily complicated.",Negative Experience
"Images don't display properly in the mobile app.",Bug Report
"Please add support for custom domains and branding.",Feature Request
"The setup costs are too high for small businesses.",Pricing Complaint
"The analytics dashboard provides valuable business insights.",Positive Feedback
"The password requirements are overly restrictive.",Negative Experience
"The backup restoration process fails consistently.",Bug Report
"Add support for webhooks and real-time notifications.",Feature Request
"The pricing increases faster than the value additions.",Pricing Complaint
"The customer success team proactively helps with best practices.",Positive Feedback
"The user management system is clunky and outdated.",Negative Experience
"The data export feature truncates important information.",Bug Report
"Please add advanced search with Boolean operators.",Feature Request
"The per-seat pricing model doesn't work for our use case.",Pricing Complaint
"The platform stability has been rock solid lately.",Positive Feedback
"The mobile app constantly requests unnecessary permissions.",Negative Experience
"Time zone handling is broken in the calendar feature.",Bug Report
"Add support for custom reports and dashboards.",Feature Request
"The contract terms lock us into unfavorable pricing long-term.",Pricing Complaint
"The feature rollouts are well-planned and communicated.",Positive Feedback
"The user interface hasn't been updated in years.",Negative Experience
"Batch operations fail when processing large datasets.",Bug Report
"Integration with social media platforms would be valuable.",Feature Request
"The renewal prices are significantly higher than initial pricing.",Pricing Complaint
"The learning curve is gentle with excellent documentation.",Positive Feedback
"The session timeout is too aggressive and loses work.",Negative Experience
"The formatting gets lost when copying text between sections.",Bug Report
"Add support for conditional logic and smart forms.",Feature Request
"The pricing calculator on the website is misleading.",Pricing Complaint
"The platform scales beautifully as our team grows.",Positive Feedback
"The recent UI changes made everything harder to find.",Negative Experience
"The reminder notifications don't work reliably.",Bug Report
"Please add advanced permission controls for team members.",Feature Request
"The hidden costs only appear after you're already committed.",Pricing Complaint
"The customer feedback loop is responsive and effective.",Positive Feedback
"The data migration process was poorly documented.",Negative Experience
"The spell check feature misses obvious errors.",Bug Report
"Add support for custom CSS and HTML in templates.",Feature Request
"The pricing discrimination between regions is unfair.",Pricing Complaint
"The platform integrates seamlessly with our existing tools.",Positive Feedback
"The mobile app performance degrades after extended use.",Negative Experience
"The version control system loses changes randomly.",Bug Report
"Add support for advanced analytics and custom metrics.",Feature Request
"The lack of transparent pricing makes budgeting difficult.",Pricing Complaint
"The user community is engaged and shares helpful tips.",Positive Feedback
"The customer onboarding process lacks personal attention.",Negative Experience
"The file preview feature doesn't work with common formats.",Bug Report
"Please add support for custom workflows and approval processes.",Feature Request
"The subscription model forces annual commitments for basic features.",Pricing Complaint
"The recent performance optimizations have made a huge difference.",Positive Feedback
"The help desk tickets get closed without proper resolution.",Negative Experience
"The commenting system doesn't save drafts properly.",Bug Report
"Add integration with popular CRM and sales platforms.",Feature Request
"The enterprise sales team uses high-pressure tactics.",Pricing Complaint
"The feature request voting system shows the team listens.",Positive Feedback
"The account recovery process requires too much personal information.",Negative Experience
"The print layout doesn't respect custom formatting.",Bug Report
"Please add support for advanced data validation rules.",Feature Request
"The pricing model doesn't accommodate seasonal businesses.",Pricing Complaint
"The development team is responsive to bug reports and feedback.",Positive Feedback
"The notification settings are confusing and hard to customize.",Negative Experience
"The duplicate detection algorithm has too many false positives.",Bug Report
"Add support for custom integrations and third-party apps.",Feature Request
"The upgrade path pricing feels like punishment for loyalty.",Pricing Complaint
"The platform reliability has exceeded our expectations.",Positive Feedback
"The user interface design hasn't kept up with modern standards.",Negative Experience
"The auto-complete feature suggests irrelevant or incorrect options.",Bug Report
"Please add support for advanced scheduling and calendar integration.",Feature Request
"The pricing structure favors large enterprises over small businesses.",Pricing Complaint
"The documentation is comprehensive and regularly updated.",Positive Feedback
"The customer support team lacks technical expertise.",Negative Experience
"The data synchronization between devices is unreliable.",Bug Report
"Add support for custom fields and flexible data structures.",Feature Request
"The pricing increases are announced with insufficient notice.",Pricing Complaint
"The platform performance remains consistent even during peak usage.",Positive Feedback
"The password reset process is overly complicated.",Negative Experience
"The rich text editor corrupts formatting when switching modes.",Bug Report
"Integration with popular email marketing tools would be valuable.",Feature Request
"The subscription auto-renewal doesn't provide clear opt-out options.",Pricing Complaint
"The customer success team provides excellent strategic guidance.",Positive Feedback
"The mobile app crashes when switching between network connections.",Negative Experience
"The bulk import feature fails with large CSV files.",Bug Report
"Add support for custom branding and white-label solutions.",Feature Request
"The pricing model penalizes occasional users with high minimum fees.",Pricing Complaint
"The platform security measures give me confidence in data protection.",Positive Feedback
"The user experience on tablets is suboptimal.",Negative Experience
"The tag system doesn't support hierarchical organization.",Bug Report
"Please add support for advanced reporting and business intelligence.",Feature Request
"The contract negotiation process lacks flexibility on pricing terms.",Pricing Complaint
"The regular feature updates consistently add value to our workflow.",Positive Feedback
"The customer service representatives provide inconsistent information.",Negative Experience
"The application freezes when trying to access user preferences.",Bug Report
"Add support for multi-factor authentication options.",Feature Request
"The enterprise license fees are prohibitively expensive.",Pricing Complaint
"The platform's uptime and reliability have been outstanding.",Positive Feedback
"The account suspension happened without any clear explanation.",Negative Experience
"The sorting feature doesn't maintain order after page refresh.",Bug Report
"Please add batch editing capabilities for multiple records.",Feature Request
"The pricing transparency is lacking with too many hidden costs.",Pricing Complaint
"The user interface is clean and reduces cognitive load.",Positive Feedback
"The mobile app doesn't sync properly with the web version.",Negative Experience
"Error messages don't provide actionable solutions.",Bug Report
"Integration with Microsoft Teams would enhance productivity.",Feature Request
"The subscription tiers don't align with actual usage patterns.",Pricing Complaint
"The customer onboarding process sets clear expectations.",Positive Feedback
"The data backup system failed during a critical moment.",Negative Experience
"The calendar widget displays incorrect time zones.",Bug Report
"Add support for custom email templates and automation.",Feature Request
"The pricing model punishes growing teams with steep increases.",Pricing Complaint
"The learning resources are comprehensive and well-organized.",Positive Feedback
"The checkout process abandons my cart without warning.",Negative Experience
"Image compression destroys quality beyond acceptable levels.",Bug Report
"Please add advanced search filters and faceted navigation.",Feature Request
"The renewal pricing is significantly higher than promotional rates.",Pricing Complaint
"The platform scales effortlessly with our expanding needs.",Positive Feedback
"The user management interface is counterintuitive.",Negative Experience
"The PDF export feature cuts off content margins.",Bug Report
"Add support for custom dashboards with drag-drop widgets.",Feature Request
"The pricing calculator doesn't account for volume discounts.",Pricing Complaint
"The development team actively engages with user feedback.",Positive Feedback
"The session management logs users out during active work.",Negative Experience
"The search autocomplete suggests deleted or archived items.",Bug Report
"Integration with popular file storage services like Dropbox.",Feature Request
"The contract terms favor the vendor over customer interests.",Pricing Complaint
"The recent UI improvements have enhanced user productivity.",Positive Feedback
"The customer portal lacks essential self-service options.",Negative Experience
"Duplicate entries appear despite validation rules.",Bug Report
"Add support for advanced workflow automation and triggers.",Feature Request
"The pricing structure forces unnecessary feature bundling.",Pricing Complaint
"The platform security compliance gives stakeholders confidence.",Positive Feedback
"The password policy is overly restrictive for user convenience.",Negative Experience
"The data visualization charts render incorrectly on mobile.",Bug Report
"Please add support for custom field validation rules.",Feature Request
"The subscription cancellation requires multiple confirmation steps.",Pricing Complaint
"The responsive design works beautifully across all devices.",Positive Feedback
"The email notifications contain broken or outdated links.",Negative Experience
"The file upload progress indicator freezes at random percentages.",Bug Report
"Add integration with popular accounting and invoicing platforms.",Feature Request
"The pricing model doesn't accommodate non-profit organizations.",Pricing Complaint
"The platform performance monitoring provides excellent visibility.",Positive Feedback
"The mobile app lacks offline functionality for basic tasks.",Negative Experience
"The comment threading system doesn't preserve chronological order.",Bug Report
"Please add support for custom roles and granular permissions.",Feature Request
"The enterprise pricing negotiation process lacks transparency.",Pricing Complaint
"The documentation includes helpful examples and use cases.",Positive Feedback
"The search functionality ignores Boolean operators completely.",Negative Experience
"The timezone conversion feature calculates incorrect offsets.",Bug Report
"Add support for webhook integrations and real-time event streaming.",Feature Request
"The pricing discrimination between regions creates unfair advantages.",Pricing Complaint
"The customer feedback implementation cycle is impressively fast.",Positive Feedback
"The form validation errors appear in confusing locations.",Negative Experience
"The backup restoration process fails silently without error messages.",Bug Report
"Integration with popular survey and form building tools.",Feature Request
"The subscription model lacks flexibility for seasonal usage patterns.",Pricing Complaint
"The platform stability during high-traffic periods is remarkable.",Positive Feedback
"The user interface color scheme causes accessibility issues.",Negative Experience
"The batch processing feature times out with large datasets.",Bug Report
"Add support for advanced analytics with custom metrics and KPIs.",Feature Request
"The pricing increases outpace the value delivered by new features.",Pricing Complaint
"The customer support team resolves issues with impressive speed.",Positive Feedback
"The account recovery process requires excessive identity verification.",Negative Experience
"The rich text formatting gets corrupted when copying between applications.",Bug Report
"Please add support for custom CSS styling and branding options.",Feature Request
"The enterprise sales process involves unnecessary high-pressure tactics.",Pricing Complaint
"The platform integration capabilities exceed our initial expectations.",Positive Feedback
"The mobile push notifications arrive inconsistently or not at all.",Negative Experience
"The data export feature excludes important metadata and timestamps.",Bug Report
"Add support for advanced conditional logic in forms and workflows.",Feature Request
"The pricing model penalizes loyal customers with legacy plan limitations.",Pricing Complaint
"The user experience research clearly informs thoughtful design decisions.",Positive Feedback
"The customer service chat widget frequently shows agents as unavailable.",Negative Experience
"The collaborative editing feature creates conflicts instead of merging changes.",Bug Report
"Integration with popular project management and task tracking tools.",Feature Request
"The subscription auto-renewal notice period is unreasonably short.",Pricing Complaint
"The platform learning curve is gentle with excellent progressive disclosure.",Positive Feedback
"The data migration wizard fails to preserve important relationship data.",Negative Experience
"The notification preferences interface doesn't save changes reliably.",Bug Report
"Add support for advanced reporting with scheduled delivery options.",Feature Request
"The pricing structure creates artificial barriers between feature tiers.",Pricing Complaint
"The community forum facilitates excellent peer-to-peer knowledge sharing.",Positive Feedback
"The user onboarding flow abandons new users without proper guidance.",Negative Experience
"The calendar integration doesn't respect existing meeting preferences.",Bug Report
"Please add support for custom API endpoints and data transformation.",Feature Request
"The contract renewal terms don't reflect current market competitive pricing.",Pricing Complaint
"The platform reliability metrics consistently exceed industry standards.",Positive Feedback
"The error handling system provides cryptic messages instead of clear guidance.",Negative Experience
"The file versioning system overwrites changes without proper conflict resolution.",Bug Report
"Add integration with popular communication and messaging platforms.",Feature Request
"The pricing transparency issues make accurate budget forecasting impossible.",Pricing Complaint
"The feature development roadmap aligns well with our business needs.",Positive Feedback
"The user interface responsiveness degrades significantly with complex data sets.",Negative Experience
"The automated backup system fails to capture incremental changes properly.",Bug Report
"Please add support for advanced data validation with custom business rules.",Feature Request
"The subscription pricing lacks competitive positioning against market alternatives.",Pricing Complaint
"The customer success team provides strategic guidance beyond basic support.",Positive Feedback
"The mobile application crashes when device storage approaches capacity limits.",Negative Experience
"The search indexing system doesn't update immediately after content changes.",Bug Report
"Add support for custom integration patterns with enterprise systems.",Feature Request
"The pricing model forces customers into higher tiers for basic functionality.",Pricing Complaint
"The platform accessibility features accommodate users with diverse needs.",Positive Feedback
"The session timeout mechanism doesn't provide adequate warning before expiration.",Negative Experience
"The data synchronization process creates duplicate records instead of updating existing ones.",Bug Report
"Integration with popular customer relationship management platforms.",Feature Request
"The enterprise licensing terms include restrictive clauses that limit flexibility.",Pricing Complaint
"The user interface design language creates a cohesive and professional experience.",Positive Feedback
"The customer support escalation process lacks clear timelines and expectations.",Negative Experience
"The bulk operation interface doesn't provide progress indicators for long-running tasks.",Bug Report
"Add support for advanced security features including single sign-on integration.",Feature Request
"The pricing calculator doesn't accurately reflect actual usage-based billing scenarios.",Pricing Complaint
"The platform performance optimization efforts have delivered measurable improvements.",Positive Feedback
"The data privacy controls are insufficient for compliance with regional regulations.",Negative Experience
"The commenting system doesn't support rich text formatting or file attachments.",Bug Report
"Please add support for custom notification channels and delivery preferences.",Feature Request
"The subscription model includes mandatory features that don't align with usage needs.",Pricing Complaint
"The development team maintains excellent communication about feature releases and changes.",Positive Feedback
"The user account management system lacks granular control over access permissions.",Negative Experience
"The file sharing mechanism doesn't preserve original metadata during transfer.",Bug Report
"Add integration with popular human resources and payroll management systems.",Feature Request
"The renewal pricing strategy creates uncertainty for long-term budget planning.",Pricing Complaint
"The customer feedback loop demonstrates genuine commitment to continuous improvement.",Positive Feedback
"The mobile app user experience lacks consistency with web platform functionality.",Negative Experience
"The automated email system sends notifications to incorrect recipient addresses.",Bug Report
"Please add support for advanced templating with conditional content blocks.",Feature Request
"The pricing discrimination based on company size creates competitive disadvantages.",Pricing Complaint
"The platform security audit results provide confidence in data protection measures.",Positive Feedback
"The user interface navigation structure doesn't follow established usability conventions.",Negative Experience
"The data backup verification process doesn't confirm integrity of restored information.",Bug Report
"Add support for custom field types with specialized validation and formatting rules.",Feature Request
"The enterprise contract negotiation process lacks flexibility for unique organizational needs.",Pricing Complaint
"The feature request prioritization process transparently incorporates customer input.",Positive Feedback
"The customer service response quality varies dramatically between different support agents.",Negative Experience
"The application state management loses unsaved work during unexpected system events.",Bug Report
"Integration with popular business intelligence and data analytics platforms.",Feature Request
"The subscription pricing increases don't provide proportional value improvements.",Pricing Complaint
"The user experience testing clearly informs iterative design and development decisions.",Positive Feedback
"The password reset mechanism doesn't work consistently across different email providers.",Negative Experience
"The data visualization component doesn't handle large datasets without performance degradation.",Bug Report
"Add support for advanced workflow orchestration with parallel processing capabilities.",Feature Request
"The pricing model creates barriers for organizations transitioning between subscription tiers.",Pricing Complaint
"The platform scalability architecture accommodates rapid growth without service disruption.",Positive Feedback
"The user interface accessibility features don't meet current web content accessibility guidelines.",Negative Experience
"The file processing engine corrupts binary data during upload and conversion operations.",Bug Report
"Please add support for custom dashboard layouts with personalized widget arrangements.",Feature Request
"The contract terms include automatic price escalation clauses without corresponding value guarantees.",Pricing Complaint
"The customer education resources accelerate time-to-value for new platform adoptions.",Positive Feedback
"The notification delivery system doesn't respect user timezone preferences consistently.",Negative Experience
"The search relevance algorithm returns outdated results despite recent content updates.",Bug Report
"Add integration with popular content management and digital asset management systems.",Feature Request
"The pricing structure complexity makes accurate cost comparison with competitors difficult.",Pricing Complaint
"The platform uptime monitoring and incident response procedures exceed industry benchmarks.",Positive Feedback
"The user account provisioning process creates security vulnerabilities through excessive default permissions.",Negative Experience
"The collaborative workspace features don't maintain real-time synchronization during concurrent editing.",Bug Report
"Please add support for advanced data migration tools with field mapping capabilities.",Feature Request
"The subscription cancellation policy includes punitive early termination fees.",Pricing Complaint
"The feature development cycle incorporates user feedback with impressive responsiveness.",Positive Feedback
"The customer support ticket system lacks proper categorization and priority assignment mechanisms.",Negative Experience
"The automated testing framework doesn't catch regression errors in critical user pathways.",Bug Report
"Add support for custom authentication providers and identity federation protocols.",Feature Request
"The pricing optimization recommendations favor vendor revenue over customer cost efficiency.",Pricing Complaint
"The platform integration ecosystem provides seamless connectivity with essential business tools.",Positive Feedback
"The user interface performance degrades noticeably when handling complex multi-step workflows.",Negative Experience
"The data archival system doesn't maintain searchable indexes for historical information retrieval.",Bug Report
"Integration with popular marketing automation and customer engagement platforms.",Feature Request
"The enterprise pricing packages include unnecessary feature bundling that inflates total costs.",Pricing Complaint
"The customer success metrics demonstrate measurable improvement in user satisfaction and retention.",Positive Feedback
"The mobile application offline mode doesn't synchronize changes reliably when connectivity resumes.",Negative Experience
"The report generation system produces formatting errors in exported documents.",Bug Report
"Add support for advanced permission inheritance with organizational hierarchy mapping.",Feature Request
"The subscription billing transparency lacks detailed usage breakdown and cost attribution.",Pricing Complaint
"The platform reliability engineering practices ensure consistent service availability.",Positive Feedback
"The user experience design doesn't accommodate accessibility requirements for visually impaired users.",Negative Experience
"The automated workflow engine fails to execute conditional logic branches correctly.",Bug Report
"Please add support for custom integration middleware with transformation and routing capabilities.",Feature Request
"The pricing model includes hidden implementation and configuration costs not disclosed upfront.",Pricing Complaint
"The development roadmap alignment with customer needs demonstrates excellent product management.",Positive Feedback
"The customer support knowledge base contains outdated information that misleads troubleshooting efforts.",Negative Experience
"The file version control system doesn't preserve change history during collaborative editing sessions.",Bug Report
"Add integration with popular financial planning and enterprise resource planning systems.",Feature Request
"The contract renewal process includes automatic price increases without competitive market adjustment.",Pricing Complaint
"The user interface design system maintains excellent consistency across all platform components.",Positive Feedback
"The data security incident response procedures lack transparency and timely customer communication.",Negative Experience
"The bulk data processing operations don't provide adequate error handling and recovery mechanisms.",Bug Report
"Please add support for advanced analytics with predictive modeling and machine learning capabilities.",Feature Request
"The subscription pricing architecture penalizes customers who exceed usage thresholds unpredictably.",Pricing Complaint
"The platform performance monitoring provides excellent visibility into system health and user experience.",Positive Feedback
"The customer onboarding documentation lacks practical examples and step-by-step implementation guidance.",Negative Experience
"The notification aggregation system doesn't group related alerts to prevent notification fatigue.",Bug Report
"Add support for custom branding with white-label deployment options for reseller partnerships.",Feature Request
"The enterprise sales process includes high-pressure tactics that create adversarial customer relationships.",Pricing Complaint
"The feature release communication strategy keeps users well-informed about platform improvements.",Positive Feedback
"The user session management doesn't handle multiple concurrent logins gracefully.",Negative Experience
"The data export functionality truncates long text fields without providing warning messages.",Bug Report
"Integration with popular legal document management and contract lifecycle management systems.",Feature Request
"The pricing calculator estimates don't match actual billing amounts due to undisclosed fees.",Pricing Complaint
"The customer feedback implementation demonstrates genuine commitment to user-centered product development.",Positive Feedback
"The mobile app battery consumption exceeds reasonable expectations for the functionality provided.",Negative Experience
"The automated email templates contain formatting errors that affect professional communication.",Bug Report
"Add support for advanced data visualization with interactive charts and real-time updates.",Feature Request
"The subscription model includes restrictive usage limits that don't scale with business growth.",Pricing Complaint
"The platform security architecture implements industry best practices for data protection.",Positive Feedback
"The user interface navigation doesn't provide clear breadcrumb trails for complex hierarchical structures.",Negative Experience
"The file upload mechanism doesn't validate file types properly, allowing potentially harmful content.",Bug Report
"Please add support for custom workflow triggers based on external system events.",Feature Request
"The pricing transparency issues prevent accurate return on investment calculations.",Pricing Complaint
"The customer success team provides strategic consulting that extends beyond basic platform support.",Positive Feedback
"The search functionality doesn't support advanced query syntax for precise result filtering.",Negative Experience
"The database connection pool doesn't handle high concurrency scenarios without timeout errors.",Bug Report
"Add integration with popular human capital management and talent acquisition platforms.",Feature Request
"The enterprise licensing includes restrictive redistribution terms that limit organizational flexibility.",Pricing Complaint
"The platform scalability testing demonstrates excellent performance under realistic load conditions.",Positive Feedback
"The customer service escalation matrix doesn't include clear resolution timelines and accountability measures.",Negative Experience
"The collaborative editing features don't resolve merge conflicts intelligently, causing data loss.",Bug Report
"Please add support for advanced reporting with custom visualization and interactive dashboards.",Feature Request
"The subscription auto-renewal mechanism doesn't provide adequate advance notice for budget planning.",Pricing Complaint
"The user experience research methodology incorporates diverse user perspectives and accessibility considerations.",Positive Feedback
"The data migration process doesn't preserve referential integrity between related records.",Negative Experience
"The automated backup verification doesn't test restoration procedures to ensure data recoverability.",Bug Report
"Add support for custom field calculations with formula-based validation and real-time updates.",Feature Request
"The pricing structure complexity makes it difficult to predict actual costs for scaling usage.",Pricing Complaint
"The platform integration testing ensures seamless connectivity with essential enterprise systems.",Positive Feedback
"The user account management lacks proper audit trails for security compliance and risk management.",Negative Experience
"The real-time collaboration features don't handle network interruptions gracefully during editing sessions.",Bug Report
"Integration with popular supply chain management and logistics optimization platforms.",Feature Request
"The contract terms include automatic price adjustment clauses that favor vendor interests over customer value.",Pricing Complaint
"The development team maintains excellent code quality standards that ensure platform stability.",Positive Feedback
"The customer support ticket routing system doesn't match complex issues with appropriate specialist expertise.",Negative Experience
"The data synchronization mechanism creates inconsistencies between primary and backup systems.",Bug Report
"Add support for advanced security monitoring with anomaly detection and automated threat response.",Feature Request
"The enterprise pricing negotiations lack flexibility for organizations with unique operational requirements.",Pricing Complaint
"The feature development prioritization process balances customer needs with technical feasibility excellently.",Positive Feedback
"The user interface responsiveness suffers significantly when processing large datasets or complex calculations.",Negative Experience
"The automated testing coverage doesn't include comprehensive integration testing for critical business workflows.",Bug Report
"Please add support for custom notification delivery channels with priority routing and escalation rules.",Feature Request
"The subscription pricing model includes usage-based charges that are difficult to predict and budget accurately.",Pricing Complaint
"The customer education program provides comprehensive training resources that accelerate user adoption.",Positive Feedback
"The mobile application synchronization doesn't handle offline changes properly when connectivity resumes.",Negative Experience